{
  "mean": [
    35.74630237173852,
    15.295975657280612,
    12.960110022566408,
    2.259103597031022,
    3.1518157348583027,
    0.026477012171359695,
    0.040818915906145496,
    0.2512325427538268,
    5.890829338142667e-05,
    0.0025194623938517868,
    4.531407183186667e-05,
    0.33150868670757017,
    7.665024786797292,
    20.65542500067971,
    0.11187591194569561,
    0.34130558903761976,
    0.863679412004604,
    0.00573676149391432,
    0.02349761194841446,
    0.16544623541500747,
    0.07471625297897647
  ],
  "scale": [
    27.96781529718597,
    5.176452700851004,
    26.047255000571745,
    1.303838197460878,
    1.959290968050522,
    0.16066185376530073,
    0.26471693302178145,
    0.7414989793597826,
    0.007674947764929583,
    0.07527930726697524,
    0.006731420241432019,
    2.0048579850175603,
    11.006495219614477,
    16.99465616458853,
    0.3152137247519759,
    0.47414774483203387,
    0.9106588954447239,
    0.07552384432400314,
    0.1514776359108373,
    0.2021561548898452,
    0.030543855010878303
  ],
  "feature_names": [
    "url_length",
    "domain_length",
    "path_length",
    "num_dots",
    "num_slashes",
    "num_question",
    "num_equal",
    "num_hyphens",
    "num_at",
    "num_and",
    "num_hash",
    "num_percent",
    "num_digits_url",
    "num_letters_url",
    "https",
    "has_ip",
    "num_subdomains",
    "has_suspicious_words",
    "has_shortening",
    "digit_ratio",
    "special_char_ratio"
  ]
}